<?xml version="1.0"?>

<model-hints>
	<model name="com.itstar.teacher.model.Teacher">
		<field name="uuid" type="String" />
		<field name="teacherId" type="long" />
		<field name="groupId" type="long" />
		<field name="companyId" type="long" />
		<field name="userId" type="long" />
		<field name="userName" type="String" />
		<field name="createDate" type="Date" />
		<field name="modifiedDate" type="Date" />
		<field name="enrollmentNo" type="String" />
		<field name="firstName" type="String" />
		<field name="lastName" type="String" />
		<field name="contactNo" type="String" />
		<field name="city" type="String" />
	</model>
</model-hints>