<?xml version="1.0"?>
<!DOCTYPE service-builder PUBLIC "-//Liferay//DTD Service Builder 7.4.0//EN" "http://www.liferay.com/dtd/liferay-service-builder_7_4_0.dtd">

<service-builder dependency-injector="ds" package-path="com.itstar.teacher">
	<namespace>Teacher</namespace>
	<!--<entity data-source="sampleDataSource" local-service="true" name="Foo" remote-service="false" session-factory="sampleSessionFactory" table="foo" tx-manager="sampleTransactionManager uuid="true"">-->
	<entity local-service="true" name="Teacher" remote-service="true" uuid="true">

		<!-- PK fields -->

		<column name="teacherId" primary="true" type="long" />

		<!-- Group instance -->

		<column name="groupId" type="long" />

		<!-- Audit fields -->

		<column name="companyId" type="long" />
		<column name="userId" type="long" />
		<column name="userName" type="String" />
		<column name="createDate" type="Date" />
		<column name="modifiedDate" type="Date" />

		<!-- Other fields -->

		<column name="enrollmentNo" type="String"></column>
		<column name="firstName" type="String"></column>
		<column name="lastName" type="String"></column>
		<column name="contactNo" type="String"></column>
		<column name="city" type="String"></column>

		<!-- Order -->

		<order by="asc">
			<order-column name="enrollmentNo" />
		</order>

		<!-- Finder methods -->

		<finder name="firstName" return-type="Collection">
			<finder-column name="firstName" />
		</finder>

		<!-- References -->

		<reference entity="AssetEntry" package-path="com.liferay.portlet.asset" />
		<reference entity="AssetTag" package-path="com.liferay.portlet.asset" />
	</entity>
</service-builder>